{
  "tn": 13433,
  "fp": 89,
  "fn": 49,
  "tp": 466,
  "accuracy": 0.9901688394956187,
  "precision_fraud": 0.8396396396396396,
  "recall_fraud": 0.9048543689320389,
  "f1_fraud": 0.8710280373831776,
  "precision_legit": 0.9963655244029076,
  "recall_legit": 0.9934181334122171,
  "f1_legit": 0.9948896459783736,
  "roc_auc": 0.9976304705887422
}